,Unnamed: 0,n_estimator,depth,l_rate,reg_lambda,subsample,colsample_bytree,scale_pos_weight,resources_per_trial,total_time,score,parameter_searched
0,,10,2,1.023292992280754,1,0.2,0.2,1.0,,0.03191399574279785,0.936,scale_pos_weight
1,,10,2,1.023292992280754,1,0.2,0.2,1.5,,0.0658254623413086,0.972,scale_pos_weight
2,,10,2,1.023292992280754,1,0.2,0.2,2.0,,0.035902976989746094,0.888,scale_pos_weight
3,,10,2,1.023292992280754,1,0.2,0.2,2.5,,0.044881343841552734,0.976,scale_pos_weight
4,,10,2,1.023292992280754,1,0.2,0.2,3.0,,0.032912254333496094,0.988,scale_pos_weight
5,,10,2,1.023292992280754,1,0.2,0.2,3.5,,0.04188799858093262,0.944,scale_pos_weight
6,,10,2,1.023292992280754,1,0.2,0.2,4.0,,0.028897523880004883,0.896,scale_pos_weight
